{"version":"1.0","contentWidth":2732,"contentHeight":2048,"layout":[{"type":"group","name":"group","node_path":".","x":0,"y":0,"xScale":1,"yScale":1,"children":[{"type":"group","name":"g2","node_path":"g2","x":0,"y":0,"xScale":1,"yScale":1,"children":[{"type":"terrian","name":"terrian","node_path":"g2/terrian","is_closed":true,"spacing":512,"tms":5,"tol":2,"visible":true,"ground":{"color":"434040ff","tiling":[1,1],"mesh":[[-10694.362305,5950.319336,-10384.054688,3733.739746,-9614.460938,4261.214355,-9130.22168,3223.55957,-8490.334961,4261.214355,-7573.740234,3578.091309,-6942.5,4486.039551,-6734.969238,3275.442383,-5671.373047,4243.919922,-4746.131348,3249.500977,-4400.246094,4347.685547,-3423.121094,3413.795898,-2757.292969,4313.09668,-2112.993164,3258.698242,-1749.101562,4689.453125,-1356.790039,3610.838379,-309.797852,3307.761719,4.958008,6037.077637],[1,2,3,3,4,5,5,6,7,7,8,9,9,10,11,11,12,13,13,14,15,15,16,17,18,1,3,3,5,7,7,9,11,11,13,15,15,17,18,18,3,7,7,11,15,15,18,7],null]},"curve":[[-10694.362305,5950.319336,0,0,0,0],[-10384.054688,3733.739746,0,0,0,0],[-9614.460938,4261.214355,0,0,0,0],[-9130.22168,3223.55957,0,0,0,0],[-8490.334961,4261.214355,0,0,0,0],[-7573.740234,3578.091309,0,0,0,0],[-6942.5,4486.039551,0,0,0,0],[-6734.969238,3275.442383,0,0,0,0],[-5671.373047,4243.919922,0,0,0,0],[-4746.131348,3249.500977,0,0,0,0],[-4400.246094,4347.685547,0,0,0,0],[-3423.121094,3413.795898,0,0,0,0],[-2757.292969,4313.09668,0,0,0,0],[-2112.993164,3258.698242,0,0,0,0],[-1749.101562,4689.453125,0,0,0,0],[-1356.790039,3610.838379,0,0,0,0],[-309.797852,3307.761719,0,0,0,0],[4.958008,6037.077637,0,0,0,0]],"x":-46.344727,"y":-3151.461914,"rotation":0,"xScale":1,"yScale":1,"physic_properties":{"object_type":"nophysic","gravity_scale":1,"linear_velocity":[0,0],"angular_velocity":0,"linear_damping":0,"angular_damping":0,"can_sleep":true,"is_bullet":false,"fixed_roation":false,"fixture_type":"polygon","fixtures":[{"density":0.2,"friction":1,"bounce":0.2,"is_sensor":false,"group_index":0,"category":1,"mask":65535}]}},{"type":"terrian","name":"terrian6","node_path":"g2/terrian6","is_closed":true,"spacing":512,"tms":5,"tol":2,"visible":true,"ground":{"color":"434040ff","tiling":[1,1],"mesh":[[-10694.362305,5950.319336,-10384.054688,3733.739746,-9614.460938,4261.214355,-9130.22168,3223.55957,-8490.334961,4261.214355,-7573.740234,3578.091309,-6942.5,4486.039551,-6734.969238,3275.442383,-5671.373047,4243.919922,-4746.131348,3249.500977,-4400.246094,4347.685547,-3423.121094,3413.795898,-2757.292969,4313.09668,-2112.993164,3258.698242,-1749.101562,4689.453125,-1339.166016,3820.210938,-275.569824,3353.266602,4.958008,6037.077637],[1,2,3,3,4,5,5,6,7,7,8,9,9,10,11,11,12,13,13,14,15,15,16,17,18,1,3,3,5,7,7,9,11,11,13,15,15,17,18,18,3,7,7,11,15,15,18,7],null]},"curve":[[-10694.362305,5950.319336,0,0,0,0],[-10384.054688,3733.739746,0,0,0,0],[-9614.460938,4261.214355,0,0,0,0],[-9130.22168,3223.55957,0,0,0,0],[-8490.334961,4261.214355,0,0,0,0],[-7573.740234,3578.091309,0,0,0,0],[-6942.5,4486.039551,0,0,0,0],[-6734.969238,3275.442383,0,0,0,0],[-5671.373047,4243.919922,0,0,0,0],[-4746.131348,3249.500977,0,0,0,0],[-4400.246094,4347.685547,0,0,0,0],[-3423.121094,3413.795898,0,0,0,0],[-2757.292969,4313.09668,0,0,0,0],[-2112.993164,3258.698242,0,0,0,0],[-1749.101562,4689.453125,0,0,0,0],[-1339.166016,3820.210938,0,0,0,0],[-275.569824,3353.266602,0,0,0,0],[4.958008,6037.077637,0,0,0,0]],"x":10566.800781,"y":-3151.461914,"rotation":0,"xScale":1,"yScale":1,"physic_properties":{"object_type":"nophysic","gravity_scale":1,"linear_velocity":[0,0],"angular_velocity":0,"linear_damping":0,"angular_damping":0,"can_sleep":true,"is_bullet":false,"fixed_roation":false,"fixture_type":"polygon","fixtures":[{"density":0.2,"friction":1,"bounce":0.2,"is_sensor":false,"group_index":0,"category":1,"mask":65535}]}},{"type":"terrian","name":"terrian7","node_path":"g2/terrian7","is_closed":true,"spacing":512,"tms":5,"tol":2,"visible":true,"ground":{"color":"434040ff","tiling":[1,1],"mesh":[[-10694.362305,5950.319336,-10384.054688,3733.739746,-9614.460938,4261.214355,-9130.22168,3223.55957,-8490.334961,4261.214355,-7573.740234,3578.091309,-6942.5,4486.039551,-6734.969238,3275.442383,-5671.373047,4243.919922,-4746.131348,3249.500977,-4400.246094,4347.685547,-3423.121094,3413.795898,-2757.292969,4313.09668,-2112.993164,3258.698242,-1749.101562,4689.453125,-1339.166016,3820.210938,-275.569824,3353.266602,4.958008,6037.077637],[1,2,3,3,4,5,5,6,7,7,8,9,9,10,11,11,12,13,13,14,15,15,16,17,18,1,3,3,5,7,7,9,11,11,13,15,15,17,18,18,3,7,7,11,15,15,18,7],null]},"curve":[[-10694.362305,5950.319336,0,0,0,0],[-10384.054688,3733.739746,0,0,0,0],[-9614.460938,4261.214355,0,0,0,0],[-9130.22168,3223.55957,0,0,0,0],[-8490.334961,4261.214355,0,0,0,0],[-7573.740234,3578.091309,0,0,0,0],[-6942.5,4486.039551,0,0,0,0],[-6734.969238,3275.442383,0,0,0,0],[-5671.373047,4243.919922,0,0,0,0],[-4746.131348,3249.500977,0,0,0,0],[-4400.246094,4347.685547,0,0,0,0],[-3423.121094,3413.795898,0,0,0,0],[-2757.292969,4313.09668,0,0,0,0],[-2112.993164,3258.698242,0,0,0,0],[-1749.101562,4689.453125,0,0,0,0],[-1339.166016,3820.210938,0,0,0,0],[-275.569824,3353.266602,0,0,0,0],[4.958008,6037.077637,0,0,0,0]],"x":21202.037109,"y":-3151.461914,"rotation":0,"xScale":1,"yScale":1,"physic_properties":{"object_type":"nophysic","gravity_scale":1,"linear_velocity":[0,0],"angular_velocity":0,"linear_damping":0,"angular_damping":0,"can_sleep":true,"is_bullet":false,"fixed_roation":false,"fixture_type":"polygon","fixtures":[{"density":0.2,"friction":1,"bounce":0.2,"is_sensor":false,"group_index":0,"category":1,"mask":65535}]}}]},{"type":"group","name":"g1","node_path":"g1","x":0,"y":0,"xScale":1,"yScale":1,"children":[{"type":"group","name":"c1","node_path":"g1/c1","x":0,"y":0,"xScale":1,"yScale":1,"children":[{"type":"sprite","name":"9","node_path":"g1/c1/9","x":-7859.27002,"y":1226.859985,"rotation":0,"xScale":1,"yScale":1,"width":1433,"height":1183,"flip_h":false,"flip_v":false,"visible":true,"color":"ffffffff","tag":0,"res_path":"res://corona/assets/bg/1.png"},{"type":"sprite","name":"10","node_path":"g1/c1/10","x":-5806.890137,"y":1208.02002,"rotation":0,"xScale":1,"yScale":1,"width":1532,"height":1215,"flip_h":false,"flip_v":false,"visible":true,"color":"ffffffff","tag":0,"res_path":"res://corona/assets/bg/2.png"},{"type":"sprite","name":"11","node_path":"g1/c1/11","x":-4953.339844,"y":1566.640015,"rotation":0,"xScale":1,"yScale":1,"width":75,"height":1000,"flip_h":false,"flip_v":false,"visible":true,"color":"ffffffff","tag":0,"res_path":"res://corona/assets/bg/5.png"},{"type":"sprite","name":"12","node_path":"g1/c1/12","x":-4720.669922,"y":1566.640015,"rotation":0,"xScale":1,"yScale":1,"width":75,"height":1000,"flip_h":false,"flip_v":false,"visible":true,"color":"ffffffff","tag":0,"res_path":"res://corona/assets/bg/5.png"},{"type":"sprite","name":"13","node_path":"g1/c1/13","x":-2598.100098,"y":1566.640015,"rotation":0,"xScale":1,"yScale":1,"width":75,"height":1000,"flip_h":false,"flip_v":false,"visible":true,"color":"ffffffff","tag":0,"res_path":"res://corona/assets/bg/5.png"},{"type":"sprite","name":"14","node_path":"g1/c1/14","x":-2378.689941,"y":1566.640015,"rotation":0,"xScale":1,"yScale":1,"width":75,"height":1000,"flip_h":false,"flip_v":false,"visible":true,"color":"ffffffff","tag":0,"res_path":"res://corona/assets/bg/5.png"},{"type":"sprite","name":"15","node_path":"g1/c1/15","x":-3873.800049,"y":1246.380005,"rotation":0,"xScale":1,"yScale":1,"width":544,"height":1163,"flip_h":false,"flip_v":false,"visible":true,"color":"ffffffff","tag":0,"res_path":"res://corona/assets/bg/3.png"},{"type":"sprite","name":"16","node_path":"g1/c1/16","x":-3080.75,"y":1263.5,"rotation":0,"xScale":1,"yScale":1,"width":758,"height":1134,"flip_h":false,"flip_v":false,"visible":true,"color":"ffffffff","tag":0,"res_path":"res://corona/assets/bg/4.png"},{"type":"sprite","name":"meta","node_path":"g1/c1/meta","x":-7859.27002,"y":2134.5,"rotation":0,"xScale":11.195312,